Altium Designer Pick and Place Locations
C:\Users\Public\Documents\Altium\TPM 2.0 PCB\Project Outputs\Pick Place for PCB1.csv

========================================================================================================================
File Design Information:

Date:       09/11/24
Time:       21:56
Revision:   Not in VersionControl
Variant:    No variations
Units used: mm

"Designator","Footprint","Footprint Description","Center-X(mm)","Center-Y(mm)","Layer","Rotation","ComponentKind","Variation"
"IC1","QFN50P500X500X100-33N-D","","18.2372mm","53.3908mm","TopLayer","0","Standard","Fitted"
"R2","RESC0402(1005)_L","Chip Resistor, Body 1.0x0.5mm, IPC High Density","8.9154mm","41.9607mm","TopLayer","180","Standard","Fitted"
"R1","RESC0402(1005)_L","Chip Resistor, Body 1.0x0.5mm, IPC High Density","8.9154mm","45.7962mm","TopLayer","180","Standard","Fitted"
"J1","SLIN-PPPC102LFBN-RC_V","THD, 20-Leads, Body 25.9x5mm, Pitch 2.54mm","3.6068mm","49.6062mm","TopLayer","90","Standard","Fitted"
"C2","CAPC0402(1005)60_L","Chip Capacitor, Body 1.0x0.5mm, Height 0.6mm, IPC High Density","8.4654mm","37.1322mm","TopLayer","180","Standard","Fitted"
"C1","CAPC0402(1005)60_L","Chip Capacitor, Body 1.0x0.5mm, Height 0.6mm, IPC High Density","8.4654mm","39.0659mm","TopLayer","180","Standard","Fitted"
